"DESCRIPTION","DURATION IN MS","NAME","PARENT SUITE","START TIME","STATUS","STOP TIME","SUB SUITE","SUITE","TEST CLASS","TEST METHOD"
"","658","User sees ""Error: Unauthorized"" popup when log in fails","logged-out","2026-10-02","passed","2026-10-02","Login UI Tests","ui/logged-out/login.spec.ts","",""
"","909","User clicks on ""Songs"" path and lands on proper page","user-logged-in","2026-10-02","passed","2026-10-02","User is able to see Headers","ui/user-logged-in/header.spec.ts","",""
"","888","User clicks on ""Albums>Recently played"" path and lands on proper page","user-logged-in","2026-10-02","passed","2026-10-02","User is able to see Headers","ui/user-logged-in/header.spec.ts","",""
"","710","User is able to see the Settings button","user-logged-in","2026-10-02","passed","2026-10-02","User is able to see Headers","ui/user-logged-in/header.spec.ts","",""
"","74","Private playlist authorization test","api","2026-10-02","passed","2026-10-02","Playlist authorization tests","api/multiple-users-paths/playlist-auth.spec.ts","",""
"","1569","User clicks ""Play"" on player after pausing and playlist continues playing","user-logged-in","2026-10-02","passed","2026-10-02","Music player usability","ui/user-logged-in/player-usability.spec.ts","",""
"","891","User is able to log in when using valid credentials","logged-out","2026-10-02","passed","2026-10-02","Login UI Tests","ui/logged-out/login.spec.ts","",""
"","25","Public playlist authorization test","api","2026-10-02","passed","2026-10-02","Playlist authorization tests","api/multiple-users-paths/playlist-auth.spec.ts","",""
"","876","User clicks on ""Albums>Recently added"" path and lands on proper page","user-logged-in","2026-10-02","passed","2026-10-02","User is able to see Headers","ui/user-logged-in/header.spec.ts","",""
"","886","User clicks on ""Artists"" path and lands on proper page","user-logged-in","2026-10-02","passed","2026-10-02","User is able to see Headers","ui/user-logged-in/header.spec.ts","",""
"","719","User is able to see the menu button","user-logged-in","2026-10-02","passed","2026-10-02","User is able to see Headers","ui/user-logged-in/header.spec.ts","",""
"","872","User clicks Refresh button and remain on homepage","user-logged-in","2026-10-02","passed","2026-10-02","User is able to see Headers","ui/user-logged-in/header.spec.ts","",""
"","884","After fail to log in user is able to log in with valid credentials","logged-out","2026-10-02","passed","2026-10-02","Login UI Tests","ui/logged-out/login.spec.ts","",""
"","1201","Admin is able to log out from Navidrome","admin-logged-in","2026-10-02","passed","2026-10-02","Logout UI Tests","ui/admin-logged-in/admin-logout.spec.ts","",""
"","1144","User is able to log out from Navidrome","user-logged-in","2026-10-02","passed","2026-10-02","Logout UI Tests","ui/user-logged-in/logout.spec.ts","",""
"","913","User clicks on ""Playlists"" path and lands on proper page","user-logged-in","2026-10-02","passed","2026-10-02","User is able to see Headers","ui/user-logged-in/header.spec.ts","",""
"","852","User clicks Settings button and settings menu opens","user-logged-in","2026-10-02","passed","2026-10-02","User is able to see Headers","ui/user-logged-in/header.spec.ts","",""
"","1132","Admin is able to edit playlist Owner","admin-logged-in","2026-10-02","passed","2026-10-02","Edit playlist tests","ui/admin-logged-in/edit-playlist.spec.ts","",""
"","9","User is not able to log into Navidrome with invalid password provided","api","2026-10-02","passed","2026-10-02","Login API Tests","api/login/api-login.spec.ts","",""
"","1837","User clicks ""Next"" on player and next song starts playing","user-logged-in","2026-10-02","passed","2026-10-02","Music player usability","ui/user-logged-in/player-usability.spec.ts","",""
"","888","User clicks on ""Albums>Favourites"" path and lands on proper page","user-logged-in","2026-10-02","passed","2026-10-02","User is able to see Headers","ui/user-logged-in/header.spec.ts","",""
"","934","User clicks on ""Albums>Random"" path and lands on proper page","user-logged-in","2026-10-02","passed","2026-10-02","User is able to see Headers","ui/user-logged-in/header.spec.ts","",""
"","739","Admin is able to see the Now Playing button","admin-logged-in","2026-10-02","passed","2026-10-02","Admin is able to see Headers","ui/admin-logged-in/admin-header.spec.ts","",""
"","891","User clicks on ""Albums>Most played"" path and lands on proper page","user-logged-in","2026-10-02","passed","2026-10-02","User is able to see Headers","ui/user-logged-in/header.spec.ts","",""
"","888","User clicks on ""Albums>Top Rated"" path and lands on proper page","user-logged-in","2026-10-02","passed","2026-10-02","User is able to see Headers","ui/user-logged-in/header.spec.ts","",""
"","5522","Delete playlist","admin-logged-in","2026-10-02","passed","2026-10-02","Delete playlist tests","ui/admin-logged-in/delete-playlist.spec.ts","",""
"","3183","User clicks ""Previous"" on player twice and previous song starts playing","user-logged-in","2026-10-02","passed","2026-10-02","Music player usability","ui/user-logged-in/player-usability.spec.ts","",""
"","1204","Admin is able to edit playlist Name","admin-logged-in","2026-10-02","passed","2026-10-02","Edit playlist tests","ui/admin-logged-in/edit-playlist.spec.ts","",""
"","1135","User private playlist is visible by Admin","user-logged-in","2026-10-02","passed","2026-10-02","Private playlist visibility","ui/user-logged-in/playlist-visibility.spec.ts","",""
"","707","User is not able to see the Activity button","user-logged-in","2026-10-02","passed","2026-10-02","User is able to see Headers","ui/user-logged-in/header.spec.ts","",""
"","2156","Admin is able to create a public playlist","admin-logged-in","2026-10-02","passed","2026-10-02","Create playlist tests","ui/admin-logged-in/create-playlist.spec.ts","",""
"","818","User clicks Now Playing button and popup opens","admin-logged-in","2026-10-02","passed","2026-10-02","Admin is able to see Headers","ui/admin-logged-in/admin-header.spec.ts","",""
"","8","Invalid password fails log in and sends error message","api","2026-10-02","passed","2026-10-02","Login API Tests","api/login/api-login.spec.ts","",""
"","8","Login functionality is case-sensitive","api","2026-10-02","passed","2026-10-02","Login API Tests","api/login/api-login.spec.ts","",""
"","743","When menu button is set on ON position, menu is visible","user-logged-in","2026-10-02","passed","2026-10-02","User is able to see Headers","ui/user-logged-in/header.spec.ts","",""
"","34","User is able to log in","api","2026-10-02","passed","2026-10-02","Login API Tests","api/login/api-login.spec.ts","",""
"","2558","User clicks ""Previous"" on player and same song starts again","user-logged-in","2026-10-02","passed","2026-10-02","Music player usability","ui/user-logged-in/player-usability.spec.ts","",""
"","836","User clicks on ""Radios"" path and lands on proper page","user-logged-in","2026-10-02","passed","2026-10-02","User is able to see Headers","ui/user-logged-in/header.spec.ts","",""
"","1929","User clicks ""Pause"" on player and playlist pauses","user-logged-in","2026-10-02","passed","2026-10-02","Music player usability","ui/user-logged-in/player-usability.spec.ts","",""
"","895","User public playlist is visible by Admin","user-logged-in","2026-10-02","passed","2026-10-02","Public playlist visibility","ui/user-logged-in/playlist-visibility.spec.ts","",""
"","709","User is able to see the tile of the open tab","user-logged-in","2026-10-02","passed","2026-10-02","User is able to see Headers","ui/user-logged-in/header.spec.ts","",""
"","1234","Admin is able to edit playlist Comment","admin-logged-in","2026-10-02","passed","2026-10-02","Edit playlist tests","ui/admin-logged-in/edit-playlist.spec.ts","",""
"","859","User clicks on ""Albums>All"" path and lands on proper page","user-logged-in","2026-10-02","passed","2026-10-02","User is able to see Headers","ui/user-logged-in/header.spec.ts","",""
"","831","Admin clicks Activity button and popup opens","admin-logged-in","2026-10-02","passed","2026-10-02","Admin is able to see Headers","ui/admin-logged-in/admin-header.spec.ts","",""
"","1323","User private playlist is not visible by other users","user-logged-in","2026-10-02","passed","2026-10-02","Private playlist visibility","ui/user-logged-in/playlist-visibility.spec.ts","",""
"","7","User is not able to log into Navidrome without password provided","api","2026-10-02","passed","2026-10-02","Login API Tests","api/login/api-login.spec.ts","",""
"","3199","Admin is able to create a not public playlist","admin-logged-in","2026-10-02","passed","2026-10-02","Create playlist tests","ui/admin-logged-in/create-playlist.spec.ts","",""
"","1141","User public playlist is visible by other user","user-logged-in","2026-10-02","passed","2026-10-02","Public playlist visibility","ui/user-logged-in/playlist-visibility.spec.ts","",""
"","1187","Admin is able to edit playlist publicity status","admin-logged-in","2026-10-02","passed","2026-10-02","Edit playlist tests","ui/admin-logged-in/edit-playlist.spec.ts","",""
"","1519","User is able to see header","user-logged-in","2026-10-02","passed","2026-10-02","User is able to see Headers","ui/user-logged-in/header.spec.ts","",""
"","701","User is not able to see the Now Playing button","user-logged-in","2026-10-02","passed","2026-10-02","User is able to see Headers","ui/user-logged-in/header.spec.ts","",""
"","801","Admin is able to see the Activity button","admin-logged-in","2026-10-02","passed","2026-10-02","Admin is able to see Headers","ui/admin-logged-in/admin-header.spec.ts","",""
"","719","User is able to see the refresh button","user-logged-in","2026-10-02","passed","2026-10-02","User is able to see Headers","ui/user-logged-in/header.spec.ts","",""
